"distribution","N","alpha_best_mse","mse_best","alpha_best_are","are_best","alpha_worst_mse","mse_worst"
"Beta(2,5)",50,0.7,0.02059,0.7,1.01295,0.95,0.02687
"Beta(2,5)",100,0.3,0.0114,0.95,1.11562,0.95,0.01719
"Beta(2,5)",200,0.3,0.00618,0.95,1.14366,0.95,0.01307
"Beta(2,5)",500,0.3,0.00319,0.95,1.19791,0.95,0.01099
"GG(1.5)",50,0.3,0.01903,0.3,1.05805,0.95,0.02958
"GG(1.5)",100,0.05,0.00906,0.05,1.2309,0.95,0.01498
"GG(1.5)",200,0.3,0.00466,0.3,1.083,0.95,0.00694
"GG(1.5)",500,0.05,0.00178,0.05,1.21607,0.95,0.00308
"GG(4)",50,0.7,0.01733,0.7,1.11708,0.05,0.02666
"GG(4)",100,0.95,0.00796,0.95,1.1261,0.05,0.01347
"GG(4)",200,0.95,0.00395,0.95,1.23928,0.05,0.00622
"GG(4)",500,0.95,0.0015,0.95,1.301,0.05,0.00263
"Laplace",50,0.05,0.01376,0.05,1.52673,0.95,0.04662
"Laplace",100,0.05,0.00615,0.05,1.59994,0.95,0.02406
"Laplace",200,0.05,0.00329,0.05,1.48921,0.95,0.01133
"Laplace",500,0.05,0.0013,0.05,1.52866,0.95,0.00499
