"distribution","N","alpha","var_ols","var_full","g2_empirical_full"
"Laplace",100,0.05,0.00992896676970629,0.00649784108928854,0.654432756197124
"Laplace",100,0.95,0.00992896676970629,0.00714386506424762,0.719497328366922
"Laplace",250,0.05,0.00399762452474634,0.00236991945051534,0.592831927021889
"Laplace",250,0.95,0.00399762452474634,0.00301266594486593,0.753614034088678
"Laplace",500,0.05,0.00207569541089617,0.00112205139996203,0.5405664983754
"Laplace",500,0.95,0.00207569541089617,0.00145332924920868,0.70016498643277
"Laplace",1000,0.05,0.000997519062218117,0.000571836739721917,0.573258959533426
"Laplace",1000,0.95,0.000997519062218117,0.000722416112473744,0.724212839469308
"Laplace",2000,0.05,0.000516044934021454,0.000279685612782372,0.541979185034969
"Laplace",2000,0.95,0.000516044934021454,0.00037251425925975,0.721863998076305
"Laplace",4000,0.05,0.000249606587967491,0.000135109743546879,0.541290775404035
"Laplace",4000,0.95,0.000249606587967491,0.000181289837743997,0.726302295224709
"GG(1.5)",100,0.05,0.0101531015929502,0.0102616088540912,1.01068710483665
"GG(1.5)",100,0.95,0.0101531015929502,0.00950138715490873,0.935811295486889
"GG(1.5)",250,0.05,0.00393040756425829,0.00391496506143773,0.99607101742807
"GG(1.5)",250,0.95,0.00393040756425829,0.00378664621131071,0.963423296287415
"GG(1.5)",500,0.05,0.00201164236635267,0.00188792291722939,0.93849828816859
"GG(1.5)",500,0.95,0.00201164236635267,0.00186508767820328,0.927146748049898
"GG(1.5)",1000,0.05,0.00099461897741805,0.000937693185759271,0.942766232143937
"GG(1.5)",1000,0.95,0.00099461897741805,0.000950984035810373,0.956128987483278
"GG(1.5)",2000,0.05,0.000497178772890949,0.000457427657825028,0.92004663667602
"GG(1.5)",2000,0.95,0.000497178772890949,0.000468836190278576,0.942993176382874
"GG(1.5)",4000,0.05,0.000248875002406905,0.00022563363696424,0.906614303494148
"GG(1.5)",4000,0.95,0.000248875002406905,0.000228581363710402,0.918458509290847
"GG(4)",100,0.05,0.0102594116876898,0.00897344654552401,0.874655079519933
"GG(4)",100,0.95,0.0102594116876898,0.00766328686765637,0.746951881934081
"GG(4)",250,0.05,0.00405785260254192,0.00350616980879953,0.864045630095877
"GG(4)",250,0.95,0.00405785260254192,0.00300925662271938,0.741588450214856
"GG(4)",500,0.05,0.00202795162300545,0.00163230457954884,0.804903115553486
"GG(4)",500,0.95,0.00202795162300545,0.0015163946701853,0.747746964465546
"GG(4)",1000,0.05,0.00101963513667939,0.000830086476143524,0.814101482268288
"GG(4)",1000,0.95,0.00101963513667939,0.000750870959069208,0.736411420181674
"GG(4)",2000,0.05,0.0004909283514887,0.000409438051776718,0.834007753952548
"GG(4)",2000,0.95,0.0004909283514887,0.000377715272133779,0.76938981215566
"GG(4)",4000,0.05,0.000254909918315436,0.000196014464286161,0.768955816162494
"GG(4)",4000,0.95,0.000254909918315436,0.000191455236553408,0.751070173411194
"Student-t(6)",100,0.05,0.010040229290038,0.00961074484646931,0.957223641894828
"Student-t(6)",100,0.95,0.010040229290038,0.00887189956835979,0.88363515534078
"Student-t(6)",250,0.05,0.00401610115024819,0.00376461125166614,0.937379590509937
"Student-t(6)",250,0.95,0.00401610115024819,0.00347177305103005,0.864463548388343
"Student-t(6)",500,0.05,0.00201076362908639,0.00177347759937901,0.881992081876282
"Student-t(6)",500,0.95,0.00201076362908639,0.00177929123217992,0.884883338072093
"Student-t(6)",1000,0.05,0.00100753911368511,0.000878607465119482,0.872033108378241
"Student-t(6)",1000,0.95,0.00100753911368511,0.000857320241758688,0.850905170939728
"Student-t(6)",2000,0.05,0.000514024239914631,0.00045141928813531,0.878206226636863
"Student-t(6)",2000,0.95,0.000514024239914631,0.000422478629908681,0.82190409926747
"Student-t(6)",4000,0.05,0.000257760003152303,0.000223935861151123,0.868776607745482
"Student-t(6)",4000,0.95,0.000257760003152303,0.000211138633495346,0.81912876673341
