"distribution","N","alpha","var_ols","var_patp","bias","mse","are","g2_empirical","var_full","bias_full","mse_full","are_full","g2_empirical_full"
"Laplace",50,0.05,0.0195539411985612,0.0141881257326743,0.000842252181941543,0.0141888351214123,1.37819057759897,0.725589055863494,0.016220350309586,0.00165183386031938,0.0162230788646881,1.20551904400024,0.829518210414768
"Laplace",50,0.3,0.0195539411985612,0.0161596561598888,0.00473944397307911,0.0161821184890627,1.21004686022328,0.826414276068186,0.0146883431350536,0.0004064919028368,0.0146885083707207,1.33125574605456,0.751170466654285
"Laplace",50,0.7,0.0195539411985612,0.0252005930439319,-0.00614021361455242,0.0252382952671642,0.775931787179492,1.28877308098821,0.01269935593282,-0.00174179664991752,0.0127023897883896,1.53975849657275,0.649452496755714
"Laplace",50,0.95,0.0195539411985612,0.0446212140559108,0.00633789017098929,0.0446613829077303,0.438220734515647,2.2819550085992,0.0158180564391978,0.0013132618076465,0.0158197810957732,1.23617849472996,0.808944666375582
"Laplace",100,0.05,0.0100954154088851,0.00671269576066543,-0.00136604274933896,0.00671456183345845,1.50392864041916,0.664925165412959,0.00654885293492908,-0.00169095034636343,0.00655171224800295,1.54155475916095,0.64869573659796
"Laplace",100,0.3,0.0100954154088851,0.00781917219345535,0.00210696264458141,0.00782361148504101,1.29111051133199,0.774527037943742,0.00647020679165549,0.000549751391045567,0.00647050901824744,1.56029254303045,0.6409054535746
"Laplace",100,0.7,0.0100954154088851,0.0145296944987691,0.00293826204641005,0.0145383278826225,0.694812641087554,1.4392369120325,0.00745610138937725,0.000784865788178789,0.00745671740368271,1.35398043584386,0.738563108836025
"Laplace",100,0.95,0.0100954154088851,0.0236737820846349,0.00509690901029132,0.0236997605660941,0.426438638861904,2.34500326393696,0.0072191411626739,0.00334108950529995,0.00723030404175632,1.39842332784442,0.715091045814744
"Laplace",200,0.05,0.00523552552147165,0.00326652780237791,0.00110021067946687,0.00326773826591712,1.60278002766742,0.623915935273623,0.00289466155381069,0.00057361927269777,0.0028949905928807,1.8086831307029,0.552888442991876
"Laplace",200,0.3,0.00523552552147165,0.00414100839746023,0.0019704416056479,0.0041448910375815,1.26431173737361,0.790944171788936,0.00301380603862474,0.00198524766387639,0.00301774724691167,1.73718064612437,0.575645372420531
"Laplace",200,0.7,0.00523552552147165,0.00638628650043977,-0.000761866090546561,0.0063868669403797,0.819807492368393,1.21979856162456,0.00324993769969748,-0.0025192515006056,0.00325628432782078,1.61096181073225,0.620747179317342
"Laplace",200,0.95,0.00523552552147165,0.0117787295655215,0.00167599420010511,0.0117815385220802,0.444489831636597,2.24977025080198,0.00393484914395064,0.000301565538262557,0.00393494008572451,1.33055304789019,0.751567178464369
"Laplace",500,0.05,0.00194608822204944,0.00122754372818938,-0.00148731131242455,0.00122975582312945,1.58535144399288,0.630774963992458,0.00111080869750046,-0.00087130281607052,0.00111156786609775,1.75195623371381,0.570790514486879
"Laplace",500,0.3,0.00194608822204944,0.00147303053537262,0.000787480368422217,0.00147365066070327,1.32114587940782,0.756918683687096,0.00110316240874159,0.00118892170099638,0.00110457594355269,1.76409947132754,0.566861458921855
"Laplace",500,0.7,0.00194608822204944,0.0028145441628304,-0.000460520712738934,0.00281475624215726,0.691439931108557,1.44625723075718,0.001389292922819,-0.00107616059821023,0.00139045104445214,1.40077602792409,0.713890001017488
"Laplace",500,0.95,0.00194608822204944,0.00502435964106284,0.000527274053036491,0.00502463765898984,0.387330597544123,2.58177382923146,0.00149398795121788,0.000631020662217808,0.00149438613829403,1.3026130635545,0.76768767946427
"GG(1.5)",50,0.05,0.0212521739831795,0.0175225639524889,-0.000633950550888486,0.0175229658457898,1.2128461360337,0.824506893570394,0.0213113212116339,-0.00097376476009749,0.0213122694294419,0.99722460996824,1.00278311425933
"GG(1.5)",50,0.3,0.0212521739831795,0.0183097364959449,0.000603360245954204,0.0183101005395313,1.1607034316352,0.861546518037947,0.0206054239676398,0.00240382533396348,0.020611202343876,1.03138736754727,0.969567818518164
"GG(1.5)",50,0.7,0.0212521739831795,0.0235751955282805,0.0016917315031454,0.0235780574837592,0.901463317989691,1.10930747823445,0.0214963295136307,-0.00249950959571711,0.0215025770618498,0.988641989773352,1.01148849668954
"GG(1.5)",50,0.95,0.0212521739831795,0.0290421910695881,-0.00350617671713334,0.0290544843447598,0.731768960966377,1.3665515392719,0.0207318498553303,-0.00325154359162037,0.0207424223910585,1.02509781478643,0.975516663459417
"GG(1.5)",100,0.05,0.0100876624637257,0.00923462677375051,-0.000767583698805624,0.00923521595848518,1.09237359677599,0.915437724741222,0.0103399726596926,0.000191070900938771,0.0103400091677818,0.975598562561928,1.0250117603433
"GG(1.5)",100,0.3,0.0100876624637257,0.00964650924316083,0.000126219059793514,0.00964652517441189,1.04573190254057,0.956268043052467,0.0100065428663023,-0.000937275913956777,0.0100074213524412,1.00810665566592,0.991958533732158
"GG(1.5)",100,0.7,0.0100876624637257,0.0106581864816798,-0.00308713559610927,0.0106677168878685,0.946470816687743,1.0565566125954,0.00924682198781477,-0.00367204064621841,0.00926030587032225,1.09093291479159,0.916646648424792
"GG(1.5)",100,0.95,0.0100876624637257,0.0146888662220142,-0.00163195741885753,0.0146915295070312,0.68675569041587,1.45612189888728,0.00945320825367648,-0.00244069978236061,0.0094591652691041,1.06711522617758,0.937105923961008
"GG(1.5)",200,0.05,0.0050656433883103,0.00474406636631005,-0.00464219692793619,0.00476561635862779,1.06778510188726,0.936518029922452,0.00494558401662585,-0.00522134487337524,0.00497284645891257,1.0242760756426,0.976299284714455
"GG(1.5)",200,0.3,0.0050656433883103,0.0045059233619896,-0.00138878404439514,0.00450785208311156,1.12421871864096,0.889506626618776,0.00458828905707098,-0.00156240426584992,0.00459073016416092,1.10403754543399,0.905766297655125
"GG(1.5)",200,0.7,0.0050656433883103,0.00593635109349712,-0.00101383911121845,0.00593737896324056,0.853326110354115,1.17188491933643,0.0048565072480406,-0.00121516813461968,0.004857983881636,1.04306307590791,0.958714792132367
"GG(1.5)",200,0.95,0.0050656433883103,0.00721629149555395,-0.000350318503346995,0.00721641421860773,0.701973221485206,1.42455576565192,0.00462374770817994,0.000787860819897678,0.00462436843285147,1.09557088924826,0.912766129342999
"GG(1.5)",500,0.05,0.00215686090385888,0.00186019457640301,-0.00135706981543359,0.00186203621488697,1.15948134201613,0.862454585307239,0.00190835510902265,-0.00145449305519823,0.00191047065907027,1.13021989128821,0.884783578583287
"GG(1.5)",500,0.3,0.00215686090385888,0.00165675113696338,0.00125467410998889,0.00165832534408565,1.30186173151639,0.768130728318757,0.00170831039625541,0.00126665485175552,0.00170991481076889,1.26256967620562,0.792035496215375
"GG(1.5)",500,0.7,0.00215686090385888,0.00223794384427904,-0.00046801363962446,0.00223816288104592,0.96376900134137,1.03759303174122,0.00196309527574008,-0.000236233562158006,0.00196315108203597,1.09870413856798,0.910163132090654
"GG(1.5)",500,0.95,0.00215686090385888,0.00312121845698992,-0.000211249434468265,0.00312126308331348,0.691031702388094,1.44711161086266,0.00193086128712095,-0.00149775479762301,0.00193310455655475,1.11704601373769,0.895218270063873
"GG(4)",50,0.05,0.018564409412014,0.0274014559340826,0.00121716124925875,0.0274029374155893,0.677497190538809,1.47602088092012,0.0214532445632667,0.00256241861286284,0.0214598105524143,0.86534273905593,1.15561147608516
"GG(4)",50,0.3,0.018564409412014,0.0226365937935724,0.00624663297282002,0.0226756142170695,0.820106133515782,1.21935437272371,0.0166984588451587,0.00337398728866042,0.0167098426353827,1.11174387913027,0.899487749626567
"GG(4)",50,0.7,0.018564409412014,0.0163431747224942,0.00408743990926437,0.016359881887506,1.13591206893619,0.880349832832157,0.0158216362077082,0.000762750096231037,0.0158222179954175,1.17335585070332,0.852256371671551
"GG(4)",50,0.95,0.018564409412014,0.0159251951816946,0.00478675191516564,0.0159481081755919,1.16572570698242,0.857834732484869,0.016974851554754,0.00582051909128486,0.017008729997246,1.09364192977669,0.914376061097249
"GG(4)",100,0.05,0.0105106354469099,0.0126287356543565,-0.00303741936524671,0.0126379615707569,0.832279313985328,1.20151971002565,0.00879616729647831,0.000847617490636003,0.00879688575188874,1.19491081656871,0.836882540633102
"GG(4)",100,0.3,0.0105106354469099,0.0110315171328455,-0.00226114517982683,0.0110366299103697,0.952782407019548,1.04955758275193,0.00858801766159694,-0.00121915546918315,0.00858950400165498,1.22387212754701,0.817078825060171
"GG(4)",100,0.7,0.0105106354469099,0.00859382068130696,0.0059167198246526,0.0086288282547904,1.22304570186953,0.817630934372622,0.00773781289404249,0.00490414419800266,0.0077618635243573,1.3583470666501,0.736188875841696
"GG(4)",100,0.95,0.0105106354469099,0.00756293801928908,-0.00109347583719667,0.00756413370869561,1.38975559763981,0.719550978386616,0.00739544894087284,-0.00129655986570136,0.00739713000835819,1.42123020940895,0.703615778344502
"GG(4)",200,0.05,0.00502375248353878,0.00661939700349854,-0.000460180723980082,0.00661960876979727,0.758944127521522,1.31762005098543,0.00415637581074334,-0.000712611442938845,0.00415688362581194,1.20868581482778,0.82734486310033
"GG(4)",200,0.3,0.00502375248353878,0.00573380405149669,-0.00341485512570285,0.00574546528702623,0.876163963473331,1.14133888368993,0.0041538051451724,-0.00305885147707077,0.00416316171753118,1.2094338342706,0.826833160826112
"GG(4)",200,0.7,0.00502375248353878,0.00444348024737969,0.000852898656807547,0.00444420768349847,1.13058958380681,0.884494262394404,0.00384810568340735,0.00120428911379493,0.00384955599567696,1.3055131269395,0.765982340096642
"GG(4)",200,0.95,0.00502375248353878,0.00391731259603828,-0.00405948414835878,0.00393379200758906,1.28244870951057,0.77975828006536,0.00369425990457843,-0.00416741713594596,0.00371162727016341,1.35988062921958,0.735358662012775
"GG(4)",500,0.05,0.0019394289105525,0.00243105875460956,-0.00111244335358144,0.00243229628482449,0.797771303089701,1.25349206737205,0.0015806819070775,-0.00167511965487483,0.00158348793293565,1.22695711380557,0.815024411813681
"GG(4)",500,0.3,0.0019394289105525,0.00237504732525832,0.00118305309804186,0.00237644693989111,0.816585374921552,1.22461169488379,0.00161731511062282,0.000508747564634036,0.00161757393470734,1.19916576418162,0.833913066791443
"GG(4)",500,0.7,0.0019394289105525,0.00175319141900144,-0.000769588486398058,0.00175378368543984,1.10622769968674,0.90397302497775,0.00147521630675365,-0.00169419387477382,0.00147808659963897,1.31467426280041,0.760644692221999
"GG(4)",500,0.95,0.0019394289105525,0.00148125546400296,0.00389991580776591,0.00149646480731062,1.3093142659615,0.763758576529099,0.00137358411491747,0.00336968953838344,0.00138493892250256,1.41194768452096,0.708241538240332
"Student-t(6)",50,0.05,0.0195523001920638,0.019317255477354,0.00728196421687531,0.0193702824802099,1.01216760398419,0.987978666837103,0.0231771246873801,0.0133581003568098,0.0233555635325227,0.843603357007869,1.1853912051119
"Student-t(6)",50,0.3,0.0195523001920638,0.0182816458173712,-0.00713624046481533,0.0183325717453429,1.06950437544771,0.935012537542345,0.0204313148056189,-0.00580317203037724,0.020464991611233,0.956977090220677,1.04495709481342
"Student-t(6)",50,0.7,0.0195523001920638,0.0240215542405961,0.00453959852851231,0.0240421621953962,0.813948173221058,1.22857945124771,0.0181475056228916,0.00137393034382328,0.0181493933074813,1.07740978834028,0.92815195371528
"Student-t(6)",50,0.95,0.0195523001920638,0.0347630668675088,-0.00138957529459223,0.0347649977870082,0.562444627413995,1.77795279972323,0.0176269673184416,-0.000260192085916089,0.0176270350183632,1.10922655263608,0.901529085851309
"Student-t(6)",100,0.05,0.0106137661861715,0.00949995806809993,-0.000219081539987014,0.00950000606482109,1.11724347729614,0.895060047627326,0.0106212904920686,0.00223399972779132,0.0106262812468524,0.999291582703364,1.00070891950748
"Student-t(6)",100,0.3,0.0106137661861715,0.00901636896191002,0.00100980521122042,0.00901738866847463,1.17716635499387,0.849497605633835,0.00959332923697608,0.000684942915433898,0.00959379838377349,1.10636942858818,0.903857223600337
"Student-t(6)",100,0.7,0.0106137661861715,0.0115725961772718,-0.00141437852088948,0.0115745966438721,0.917146509183185,1.09033833742725,0.00880604390149284,0.00182141387040259,0.00880936144998014,1.20528199778475,0.829681354104646
"Student-t(6)",100,0.95,0.0106137661861715,0.0209386031035826,-0.0063242586686288,0.0209785993512903,0.506899439932336,1.97277787510179,0.00950732195743544,-0.00422349049344018,0.00952515982938362,1.11637811717007,0.895753853125425
"Student-t(6)",200,0.05,0.00499527010224646,0.00473323264457113,-0.00212415739624505,0.00473774468921515,1.05536120392812,0.947542885106957,0.00496256834687735,-0.00293652638327823,0.00497119153407704,1.00658968362414,0.993453456029455
"Student-t(6)",200,0.3,0.00499527010224646,0.00464441336246648,0.00248436021580107,0.00465058540814834,1.07554382273882,0.929762208529586,0.00452731154507811,0.00320961709258663,0.00453761318695913,1.10336345367641,0.906319668888795
"Student-t(6)",200,0.7,0.00499527010224646,0.00627001037122524,-0.00115181596160173,0.00627133705123464,0.79669247840021,1.2551894578044,0.004417713586688,0.000233718245990337,0.00441776821090651,1.13073652336784,0.884379322091369
"Student-t(6)",200,0.95,0.00499527010224646,0.0107410631581994,-0.00422034032774609,0.0107588744306814,0.465062911247591,2.15024672106699,0.00440515619490976,-0.00169262520405245,0.00440802117499116,1.13395981464144,0.881865465678961
"Student-t(6)",500,0.05,0.0020801972427538,0.00187786444901934,-0.000267796693369673,0.00187793616408832,1.10774621876469,0.902733841976152,0.00192850643562495,-0.000222123917841677,0.00192855577465983,1.0786571433347,0.927078642346414
"Student-t(6)",500,0.3,0.0020801972427538,0.00171729294342997,0.00025691417426584,0.00171735894832291,1.21132346738641,0.825543322592135,0.00167009555990941,-0.000143352553752367,0.00167011610986407,1.24555581889377,0.802854424371077
"Student-t(6)",500,0.7,0.0020801972427538,0.00259446676495034,-0.00168914807389194,0.00259731998616588,0.801782189255993,1.24722151901122,0.0017200854180707,-0.00218744408857872,0.00172487032971136,1.20935694291683,0.826885731178849
"Student-t(6)",500,0.95,0.0020801972427538,0.00437600775218052,-0.00573394367143288,0.00440888586220769,0.475364158511204,2.10365039537669,0.0017137293249296,-0.00101129724305536,0.00171475204704341,1.21384235683734,0.82383020691871
