"distribution","N","alpha","var_ols","var_patp","bias","mse","are","g2_empirical"
"Beta(2,5)",100,0.05,0.0105325418917896,0.0118,-0.0623,0.0157,0.8892,1.1245
"Beta(2,5)",100,0.3,0.0105325418917896,0.0105,-0.0297,0.0114,1.0016,0.9984
"Beta(2,5)",100,0.7,0.0105325418917896,0.01,0.0395,0.0115,1.0582,0.945
"Beta(2,5)",100,0.95,0.0105325418917896,0.0094,0.088,0.0172,1.1156,0.8964
"Beta(2,5)",500,0.05,0.00215805660692616,0.0022,-0.0596,0.0058,0.974,1.0267
"Beta(2,5)",500,0.3,0.00215805660692616,0.0023,-0.0295,0.0032,0.9319,1.073
"Beta(2,5)",500,0.7,0.00215805660692616,0.0019,0.0393,0.0035,1.1109,0.9002
"Beta(2,5)",500,0.95,0.00215805660692616,0.0018,0.0959,0.011,1.1979,0.8348
"GG(1.5)",100,0.05,0.0111494159283151,0.0091,2e-04,0.0091,1.2309,0.8124
"GG(1.5)",100,0.3,0.0111494159283151,0.0097,2e-04,0.0097,1.1496,0.8698
"GG(1.5)",100,0.7,0.0111494159283151,0.0118,4e-04,0.0118,0.9462,1.0569
"GG(1.5)",100,0.95,0.0111494159283151,0.015,-5e-04,0.015,0.7444,1.3433
"GG(1.5)",500,0.05,0.00216057883802524,0.0018,6e-04,0.0018,1.2161,0.8223
"GG(1.5)",500,0.3,0.00216057883802524,0.0019,-0.0018,0.0019,1.1531,0.8672
"GG(1.5)",500,0.7,0.00216057883802524,0.002,0.0018,0.002,1.0726,0.9323
"GG(1.5)",500,0.95,0.00216057883802524,0.0031,-0.001,0.0031,0.7021,1.4242
"GG(4)",100,0.05,0.00896105714738967,0.0134,0.0049,0.0135,0.6663,1.5009
"GG(4)",100,0.3,0.00896105714738967,0.0108,0.0051,0.0109,0.8267,1.2097
"GG(4)",100,0.7,0.00896105714738967,0.0095,-6e-04,0.0095,0.9426,1.0609
"GG(4)",100,0.95,0.00896105714738967,0.008,-0.002,0.008,1.1261,0.888
"GG(4)",500,0.05,0.00195354519336716,0.0026,-5e-04,0.0026,0.7415,1.3486
"GG(4)",500,0.3,0.00195354519336716,0.0022,4e-04,0.0022,0.8972,1.1146
"GG(4)",500,0.7,0.00195354519336716,0.0018,5e-04,0.0018,1.1125,0.8989
"GG(4)",500,0.95,0.00195354519336716,0.0015,6e-04,0.0015,1.301,0.7686
"Laplace",100,0.05,0.0098419982365914,0.0062,-9e-04,0.0062,1.5999,0.625
"Laplace",100,0.3,0.0098419982365914,0.008,-0.0033,0.008,1.2249,0.8164
"Laplace",100,0.7,0.0098419982365914,0.0137,0.0028,0.0137,0.7176,1.3934
"Laplace",100,0.95,0.0098419982365914,0.024,0.0045,0.0241,0.4094,2.4425
"Laplace",500,0.05,0.00198039744115636,0.0013,-0.0014,0.0013,1.5287,0.6542
"Laplace",500,0.3,0.00198039744115636,0.0014,-9e-04,0.0014,1.3822,0.7235
"Laplace",500,0.7,0.00198039744115636,0.0029,7e-04,0.0029,0.6888,1.4518
"Laplace",500,0.95,0.00198039744115636,0.005,0.0017,0.005,0.3973,2.5171
