"law","alpha","n","M","slope_var_ols","slope_var_patp","g2_emp","g2_theo","bias_slope_patp"
"Laplace",0.05,400,2000,0.0026,0.0015,0.5973,0.5461,8e-04
"Laplace",0.5,400,2000,0.0025,0.0025,1,1,-8e-04
"Laplace",0.95,400,2000,0.0024,0.0017,0.7099,0.7344,-0.0017
"GG(4)",0.05,400,2000,0.0025,0.0021,0.844,0.8116,0.0016
"GG(4)",0.5,400,2000,0.0026,0.0026,1,1,-4e-04
"GG(4)",0.95,400,2000,0.0027,0.002,0.7627,0.7408,-0.001
"Student-t(6)",0.05,400,2000,0.0025,0.0023,0.9236,0.8806,-6e-04
"Student-t(6)",0.5,400,2000,0.0025,0.0025,1,1,0.0019
"Student-t(6)",0.95,400,2000,0.0026,0.0022,0.8466,0.8813,-0.0015
