"distribution","N","estimator","variance","bias","mse","relative_mse_vs_mean"
"GG(1.5)",100,"trimmed_mean",0.00963,5e-04,0.00963,0.97287
"GG(1.5)",100,"mean",0.0099,0.00085,0.0099,1
"GG(1.5)",100,"huber",0.01025,0.0037,0.01027,1.03684
"GG(1.5)",100,"winsor_mean",0.01034,-0.00132,0.01035,1.0449
"GG(1.5)",100,"median",0.01107,-0.0052,0.0111,1.12093
"GG(1.5)",100,"median_of_means",0.01291,-0.00094,0.01291,1.30397
"GG(1.5)",500,"huber",0.00183,0.00126,0.00184,0.95615
"GG(1.5)",500,"mean",0.00192,-0.00108,0.00192,1
"GG(1.5)",500,"trimmed_mean",0.00195,0.00036,0.00195,1.01722
"GG(1.5)",500,"winsor_mean",0.00207,-0.00032,0.00207,1.07932
"GG(1.5)",500,"median",0.00212,-0.00165,0.00212,1.1068
"GG(1.5)",500,"median_of_means",0.00288,0.00076,0.00288,1.50213
"GG(4)",100,"mean",0.00965,-0.00189,0.00965,1
"GG(4)",100,"winsor_mean",0.01065,-0.00268,0.01065,1.10383
"GG(4)",100,"huber",0.01179,0.00177,0.01179,1.2219
"GG(4)",100,"trimmed_mean",0.01289,-0.0035,0.0129,1.33683
"GG(4)",100,"median_of_means",0.0151,0.00011,0.0151,1.56395
"GG(4)",100,"median",0.02237,0.00626,0.02241,2.32147
"GG(4)",500,"winsor_mean",0.00198,0.00133,0.00198,0.99198
"GG(4)",500,"mean",0.00199,0.00185,0.002,1
"GG(4)",500,"huber",0.00238,0.00026,0.00238,1.18987
"GG(4)",500,"trimmed_mean",0.00271,0.00071,0.00271,1.35754
"GG(4)",500,"median_of_means",0.00308,0.00011,0.00308,1.54234
"GG(4)",500,"median",0.00468,-0.00204,0.00468,2.34374
"Laplace",100,"median",0.0063,0.00035,0.0063,0.6669
"Laplace",100,"huber",0.00668,0.00321,0.00669,0.70782
"Laplace",100,"winsor_mean",0.00829,-0.00373,0.0083,0.87813
"Laplace",100,"trimmed_mean",0.00842,0.00084,0.00842,0.89106
"Laplace",100,"mean",0.00945,-0.00169,0.00945,1
"Laplace",100,"median_of_means",0.01217,-9e-04,0.01217,1.28725
"Laplace",500,"median",0.00112,-0.00099,0.00112,0.53576
"Laplace",500,"huber",0.0014,-0.00111,0.0014,0.6698
"Laplace",500,"trimmed_mean",0.00143,-0.00043,0.00143,0.68294
"Laplace",500,"winsor_mean",0.00186,0.00138,0.00186,0.88854
"Laplace",500,"mean",0.00209,-0.00258,0.0021,1
"Laplace",500,"median_of_means",0.00285,-0.00042,0.00285,1.35817
"Student-t(6)",100,"winsor_mean",0.00874,0.00415,0.00875,0.83771
"Student-t(6)",100,"trimmed_mean",0.00895,-0.00138,0.00895,0.8566
"Student-t(6)",100,"huber",0.00907,-0.00032,0.00907,0.86811
"Student-t(6)",100,"mean",0.01044,-0.00268,0.01045,1
"Student-t(6)",100,"median",0.01102,0.0021,0.01102,1.05516
"Student-t(6)",100,"median_of_means",0.01409,-0.00369,0.01411,1.35007
"Student-t(6)",500,"huber",0.00157,-0.00252,0.00158,0.7709
"Student-t(6)",500,"winsor_mean",0.00182,-0.00097,0.00182,0.88954
"Student-t(6)",500,"trimmed_mean",0.00183,0.00112,0.00183,0.8937
"Student-t(6)",500,"mean",0.00205,0.00016,0.00205,1
"Student-t(6)",500,"median",0.00246,-0.00049,0.00246,1.20053
"Student-t(6)",500,"median_of_means",0.00312,0.0014,0.00312,1.52125
