"distribution","N","estimator","reps","elapsed_seconds"
"Laplace",100,"mean",1000,3.00000000000011e-06
"Laplace",100,"median",1000,8.00000000000267e-06
"Laplace",100,"huber",1000,6.79999999999978e-05
"Laplace",100,"median_of_means",1000,3.70000000000026e-05
"Laplace",100,"patp_alpha_0.05",1000,4.89999999999995e-05
"Laplace",100,"patp_alpha_0.95",1000,5.30000000000008e-05
"Laplace",100,"patp_full_alpha_0.05",1000,0.000116
"Laplace",100,"patp_full_alpha_0.95",1000,0.000115000000000002
"Laplace",1000,"mean",500,2.00000000000244e-06
"Laplace",1000,"median",500,1.20000000000005e-05
"Laplace",1000,"huber",500,0.000170000000000002
"Laplace",1000,"median_of_means",500,9.59999999999965e-05
"Laplace",1000,"patp_alpha_0.05",500,0.000136000000000003
"Laplace",1000,"patp_alpha_0.95",500,0.000164000000000001
"Laplace",1000,"patp_full_alpha_0.05",500,0.000204000000000001
"Laplace",1000,"patp_full_alpha_0.95",500,0.000199999999999996
"Laplace",10000,"mean",100,2.00000000000244e-05
"Laplace",10000,"median",100,6.00000000000023e-05
"Laplace",10000,"huber",100,0.000790000000000006
"Laplace",10000,"median_of_means",100,0.000450000000000017
"Laplace",10000,"patp_alpha_0.05",100,0.00134
"Laplace",10000,"patp_alpha_0.95",100,0.00122
"Laplace",10000,"patp_full_alpha_0.05",100,0.00107000000000003
"Laplace",10000,"patp_full_alpha_0.95",100,0.00107000000000003
"Laplace",1e+05,"mean",20,0.000150000000000006
"Laplace",1e+05,"median",20,0.000900000000000034
"Laplace",1e+05,"huber",20,0.00829999999999984
"Laplace",1e+05,"median_of_means",20,0.00545000000000009
"Laplace",1e+05,"patp_alpha_0.05",20,0.00875000000000004
"Laplace",1e+05,"patp_alpha_0.95",20,0.01225
"Laplace",1e+05,"patp_full_alpha_0.05",20,0.0101000000000001
"Laplace",1e+05,"patp_full_alpha_0.95",20,0.00684999999999984
