"distribution","alpha","g2"
"Laplace",0,0.542525954209314
"Laplace",0.02,0.543864912348063
"Laplace",0.04,0.545316287575139
"Laplace",0.06,0.546881721793456
"Laplace",0.08,0.548562834383457
"Laplace",0.1,0.55036120220574
"Laplace",0.12,0.552278340512351
"Laplace",0.14,0.554315684943256
"Laplace",0.16,0.556474574747567
"Laplace",0.18,0.558756237332907
"Laplace",0.2,0.561161774211433
"Laplace",0.22,0.563692148378454
"Laplace",0.24,0.566348173130186
"Laplace",0.26,0.569130502300957
"Laplace",0.28,0.572039621877763
"Laplace",0.3,0.575075842931626
"Laplace",0.32,0.578239295790212
"Laplace",0.34,0.581529925365348
"Laplace",0.36,0.58494748754123
"Laplace",0.38,0.588491546524745
"Laplace",0.4,0.592161473057546
"Laplace",0.42,0.595956443390683
"Laplace",0.44,0.59987543892478
"Laplace",0.46,0.60391724642433
"Laplace",0.54,0.621281569299269
"Laplace",0.56,0.625912495938953
"Laplace",0.58,0.630654931954816
"Laplace",0.6,0.635506339701843
"Laplace",0.62,0.64046400056954
"Laplace",0.64,0.645525017436784
"Laplace",0.66,0.650686317202438
"Laplace",0.68,0.65594465338598
"Laplace",0.7,0.66129660880009
"Laplace",0.72,0.666738598302527
"Laplace",0.74,0.672266871641185
"Laplace",0.76,0.677877516411123
"Laplace",0.78,0.683566461147614
"Laplace",0.8,0.689329478583304
"Laplace",0.82,0.695162189101664
"Laplace",0.84,0.701060064422041
"Laplace",0.86,0.707018431554577
"Laplace",0.88,0.713032477065472
"Laplace",0.9,0.71909725169485
"Laplace",0.92,0.725207675370657
"Laplace",0.94,0.731358542662681
"Laplace",0.96,0.737544528720751
"Laplace",0.98,0.743760195740659
"Laplace",1,0.75
"Gaussian",0,1
"Gaussian",0.02,1
"Gaussian",0.04,1
"Gaussian",0.06,1
"Gaussian",0.08,1
"Gaussian",0.1,0.999999999999999
"Gaussian",0.12,1
"Gaussian",0.14,1
"Gaussian",0.16,1
"Gaussian",0.18,1
"Gaussian",0.2,1
"Gaussian",0.22,1
"Gaussian",0.24,1
"Gaussian",0.26,1
"Gaussian",0.28,1
"Gaussian",0.3,1
"Gaussian",0.32,1
"Gaussian",0.34,1
"Gaussian",0.36,1
"Gaussian",0.38,1
"Gaussian",0.4,1
"Gaussian",0.42,1
"Gaussian",0.44,1
"Gaussian",0.46,1
"Gaussian",0.54,1
"Gaussian",0.56,1
"Gaussian",0.58,1
"Gaussian",0.6,1
"Gaussian",0.62,1
"Gaussian",0.64,1
"Gaussian",0.66,1
"Gaussian",0.68,1
"Gaussian",0.7,0.999999999999999
"Gaussian",0.72,1
"Gaussian",0.74,1
"Gaussian",0.76,1
"Gaussian",0.78,1
"Gaussian",0.8,0.999999999999998
"Gaussian",0.82,1
"Gaussian",0.84,0.999999999999999
"Gaussian",0.86,1
"Gaussian",0.88,1
"Gaussian",0.9,1
"Gaussian",0.92,1
"Gaussian",0.94,0.999999999999998
"Gaussian",0.96,1
"Gaussian",0.98,1
"Gaussian",1,1
"Uniform",0,0.599999999999998
"Uniform",0.02,0.597514340344166
"Uniform",0.04,0.594860406091372
"Uniform",0.06,0.592042942848117
"Uniform",0.08,0.589066918001884
"Uniform",0.1,0.585937499999997
"Uniform",0.12,0.582660037290238
"Uniform",0.14,0.57924003707136
"Uniform",0.16,0.575683143997543
"Uniform",0.18,0.571995118974986
"Uniform",0.2,0.568181818181818
"Uniform",0.22,0.564249172434545
"Uniform",0.24,0.560203167015233
"Uniform",0.26,0.556049822064048
"Uniform",0.28,0.55179517363155
"Uniform",0.3,0.547445255474454
"Uniform",0.32,0.543006081668115
"Uniform",0.34,0.538483630097642
"Uniform",0.36,0.533883826879273
"Uniform",0.38,0.529212531752755
"Uniform",0.4,0.524475524475514
"Uniform",0.42,0.51967849223946
"Uniform",0.44,0.514827018121946
"Uniform",0.46,0.509926570573902
"Uniform",0.54,0.489939900705625
"Uniform",0.56,0.484871993793583
"Uniform",0.58,0.47978505629487
"Uniform",0.6,0.474683544303783
"Uniform",0.62,0.46957175056349
"Uniform",0.64,0.464453802328457
"Uniform",0.66,0.459333659970599
"Uniform",0.68,0.45421511627908
"Uniform",0.7,0.44910179640718
"Uniform",0.72,0.443997158418185
"Uniform",0.74,0.438904494382022
"Uniform",0.76,0.433826931975943
"Uniform",0.78,0.428767436542418
"Uniform",0.8,0.42372881355932
"Uniform",0.82,0.418713711478341
"Uniform",0.84,0.413724624889674
"Uniform",0.86,0.408763897972529
"Uniform",0.88,0.403833728192978
"Uniform",0.9,0.398936170212767
"Uniform",0.92,0.394073139974779
"Uniform",0.94,0.389246418932947
"Uniform",0.96,0.384457658396556
"Uniform",0.98,0.379708383961118
"Uniform",1,0.375
"GG(0.5)",0,0.1
"GG(0.5)",0.02,0.102092594345338
"GG(0.5)",0.04,0.104374327616733
"GG(0.5)",0.06,0.106851455361364
"GG(0.5)",0.08,0.109530669165714
"GG(0.5)",0.1,0.112419089951259
"GG(0.5)",0.12,0.11552425931332
"GG(0.5)",0.14,0.11885412860564
"GG(0.5)",0.16,0.122417045454847
"GG(0.5)",0.18,0.126221737371689
"GG(0.5)",0.2,0.130277292109883
"GG(0.5)",0.22,0.134593134409184
"GG(0.5)",0.24,0.139178998747228
"GG(0.5)",0.26,0.144044897715477
"GG(0.5)",0.28,0.149201085628909
"GG(0.5)",0.3,0.154658016977585
"GG(0.5)",0.32,0.160426299331752
"GG(0.5)",0.34,0.166516640321752
"GG(0.5)",0.36,0.172939788330672
"GG(0.5)",0.38,0.179706466562381
"GG(0.5)",0.4,0.186827300181775
"GG(0.5)",0.42,0.194312736269083
"GG(0.5)",0.44,0.202172956386462
"GG(0.5)",0.46,0.210417781625677
"GG(0.5)",0.54,0.247420989437639
"GG(0.5)",0.56,0.257715949347061
"GG(0.5)",0.58,0.268440617978672
"GG(0.5)",0.6,0.279599022301705
"GG(0.5)",0.62,0.291193818650881
"GG(0.5)",0.64,0.303226143917407
"GG(0.5)",0.66,0.315695465477793
"GG(0.5)",0.68,0.328599431629967
"GG(0.5)",0.7,0.34193372456713
"GG(0.5)",0.72,0.355691918180186
"GG(0.5)",0.74,0.369865343233932
"GG(0.5)",0.76,0.384442962700699
"GG(0.5)",0.78,0.399411260248324
"GG(0.5)",0.8,0.414754145055626
"GG(0.5)",0.82,0.430452876255622
"GG(0.5)",0.84,0.446486010371545
"GG(0.5)",0.86,0.462829375099672
"GG(0.5)",0.88,0.479456072692979
"GG(0.5)",0.9,0.496336515998376
"GG(0.5)",0.92,0.513438499887345
"GG(0.5)",0.94,0.530727310387199
"GG(0.5)",0.96,0.5481658732639
"GG(0.5)",0.98,0.565714943127457
"GG(0.5)",1,0.583333333333334
"GG(1.5)",0,0.912617874639633
"GG(1.5)",0.02,0.91262079720208
"GG(1.5)",0.04,0.912630369044656
"GG(1.5)",0.06,0.912647821008373
"GG(1.5)",0.08,0.912674408720908
"GG(1.5)",0.1,0.912711402653807
"GG(1.5)",0.12,0.912760078373463
"GG(1.5)",0.14,0.912821707081916
"GG(1.5)",0.16,0.912897546534031
"GG(1.5)",0.18,0.912988832406986
"GG(1.5)",0.2,0.913096770187194
"GG(1.5)",0.22,0.913222527628274
"GG(1.5)",0.24,0.913367227822678
"GG(1.5)",0.26,0.913531942918262
"GG(1.5)",0.28,0.913717688500365
"GG(1.5)",0.3,0.91392541865025
"GG(1.5)",0.32,0.914156021680676
"GG(1.5)",0.34,0.914410316541866
"GG(1.5)",0.36,0.914689049882558
"GG(1.5)",0.38,0.914992893744512
"GG(1.5)",0.4,0.915322443863577
"GG(1.5)",0.42,0.91567821854539
"GG(1.5)",0.44,0.916060658079889
"GG(1.5)",0.46,0.916470124656031
"GG(1.5)",0.54,0.91838280403957
"GG(1.5)",0.56,0.918930153681264
"GG(1.5)",0.58,0.919505111371986
"GG(1.5)",0.6,0.920107523643128
"GG(1.5)",0.62,0.920737171347632
"GG(1.5)",0.64,0.921393772256455
"GG(1.5)",0.66,0.922076983770469
"GG(1.5)",0.68,0.922786405717241
"GG(1.5)",0.7,0.92352158320702
"GG(1.5)",0.72,0.924282009523343
"GG(1.5)",0.74,0.925067129026983
"GG(1.5)",0.76,0.925876340054413
"GG(1.5)",0.78,0.926708997793885
"GG(1.5)",0.8,0.927564417125323
"GG(1.5)",0.82,0.928441875411553
"GG(1.5)",0.84,0.929340615231221
"GG(1.5)",0.86,0.930259847045063
"GG(1.5)",0.88,0.931198751789425
"GG(1.5)",0.9,0.932156483392206
"GG(1.5)",0.92,0.933132171208079
"GG(1.5)",0.94,0.934124922371073
"GG(1.5)",0.96,0.93513382406379
"GG(1.5)",0.98,0.936157945703594
"GG(1.5)",1,0.937196341046988
"GG(4)",0,0.814337562909751
"GG(4)",0.02,0.813305128886244
"GG(4)",0.04,0.812205649602514
"GG(4)",0.06,0.811041688986109
"GG(4)",0.08,0.809815931976519
"GG(4)",0.1,0.808531173548314
"GG(4)",0.12,0.807190307557464
"GG(4)",0.14,0.805796315489233
"GG(4)",0.16,0.804352255184112
"GG(4)",0.18,0.802861249614876
"GG(4)",0.2,0.801326475784265
"GG(4)",0.22,0.799751153808239
"GG(4)",0.24,0.798138536245209
"GG(4)",0.26,0.79649189772607
"GG(4)",0.28,0.794814524935109
"GG(4)",0.3,0.793109706985184
"GG(4)",0.32,0.791380726225602
"GG(4)",0.34,0.789630849515445
"GG(4)",0.36,0.787863319987992
"GG(4)",0.38,0.786081349328488
"GG(4)",0.4,0.784288110579851
"GG(4)",0.42,0.782486731486866
"GG(4)",0.44,0.780680288385667
"GG(4)",0.46,0.778871800636059
"GG(4)",0.54,0.771675529693214
"GG(4)",0.56,0.76989979282049
"GG(4)",0.58,0.768138686302188
"GG(4)",0.6,0.76639471898266
"GG(4)",0.62,0.76467031669582
"GG(4)",0.64,0.762967821065677
"GG(4)",0.66,0.761289488691524
"GG(4)",0.68,0.759637490688448
"GG(4)",0.7,0.758013912560103
"GG(4)",0.72,0.756420754377256
"GG(4)",0.74,0.754859931236209
"GG(4)",0.76,0.753333273972415
"GG(4)",0.78,0.751842530103811
"GG(4)",0.8,0.75038936498038
"GG(4)",0.82,0.748975363116043
"GG(4)",0.84,0.74760202968075
"GG(4)",0.86,0.746270792131092
"GG(4)",0.88,0.744983001959044
"GG(4)",0.9,0.74373993653952
"GG(4)",0.92,0.742542801058337
"GG(4)",0.94,0.74139273050371
"GG(4)",0.96,0.740290791705164
"GG(4)",0.98,0.73923798540512
"GG(4)",1,0.738235248349547
"Student-t(6)",0,0.882240527897329
"Student-t(6)",0.02,0.881614772819801
"Student-t(6)",0.04,0.880952553897617
"Student-t(6)",0.06,0.880256407590489
"Student-t(6)",0.08,0.87952903233124
"Student-t(6)",0.1,0.878773285122131
"Student-t(6)",0.12,0.877992178087477
"Student-t(6)",0.14,0.877188875015118
"Student-t(6)",0.16,0.876366687920343
"Student-t(6)",0.18,0.875529073666939
"Student-t(6)",0.2,0.874679630680716
"Student-t(6)",0.22,0.873822095791753
"Student-t(6)",0.24,0.872960341241912
"Student-t(6)",0.26,0.872098371894716
"Student-t(6)",0.28,0.871240322684858
"Student-t(6)",0.3,0.870390456344688
"Student-t(6)",0.32,0.86955316144521
"Student-t(6)",0.34,0.868732950788689
"Student-t(6)",0.36,0.867934460190038
"Student-t(6)",0.38,0.867162447683701
"Student-t(6)",0.4,0.866421793192085
"Student-t(6)",0.42,0.865717498691725
"Student-t(6)",0.44,0.865054688911997
"Student-t(6)",0.46,0.864438612600831
"Student-t(6)",0.54,0.862551080161547
"Student-t(6)",0.56,0.862251910056368
"Student-t(6)",0.58,0.862033720877915
"Student-t(6)",0.6,0.861902719350493
"Student-t(6)",0.62,0.861865270530223
"Student-t(6)",0.64,0.861927905515888
"Student-t(6)",0.66,0.86209732998263
"Student-t(6)",0.68,0.862380433542134
"Student-t(6)",0.7,0.862784299926318
"Student-t(6)",0.72,0.863316217979267
"Student-t(6)",0.74,0.863983693429297
"Student-t(6)",0.76,0.864794461394365
"Student-t(6)",0.78,0.865756499551721
"Student-t(6)",0.8,0.866878041873116
"Student-t(6)",0.82,0.868167592789606
"Student-t(6)",0.84,0.869633941602112
"Student-t(6)",0.86,0.87128617689285
"Student-t(6)",0.88,0.873133700614604
"Student-t(6)",0.9,0.875186241434942
"Student-t(6)",0.92,0.877453866784705
"Student-t(6)",0.94,0.879946992896384
"Student-t(6)",0.96,0.88267639190793
"Student-t(6)",0.98,0.885653194837735
"Student-t(6)",1,0.888888888888889
